KODE PRODUK,NAMA PRODUK,LINK STABTEST DOKUMEN
LIQUID,LIQUID,
LPRGF,PROMAG GAZERO HERBAL,https://b7-drive.bintang7.com/oo/r/841364338106217715
LPRGQ,PROMAG GAZERO HERBAL,https://b7-drive.bintang7.com/oo/r/841364338106217715
LPRGP,PROMAG SUSPENSI,https://b7-drive.bintang7.com/oo/r/889355615332261335
LPRGG,PROMAG SUSPENSI,https://b7-drive.bintang7.com/oo/r/889355615332261335
LPRGH,PROMAG SUSPENSI,https://b7-drive.bintang7.com/oo/r/889355615332261335
LEJSA,EXTRA JOSS SPORT LIQUID BANANA,https://b7-drive.bintang7.com/oo/r/785488906704434759
LEJSC,EXTRA JOSS SPORT LIQUID BANANA,https://b7-drive.bintang7.com/oo/r/785488906704434759
LEJSD,EXTRA JOSS SPORT LIQUID BANANA,https://b7-drive.bintang7.com/oo/r/785488906704434759
LEJSE,EXTRA JOSS SPORT LIQUID BANANA,https://b7-drive.bintang7.com/oo/r/785488906704434759
LEJOA,EXTRA JOSS SPORT LIQUID ORANGE,https://b7-drive.bintang7.com/oo/r/805821924604162443
LEJOB,EXTRA JOSS SPORT LIQUID ORANGE,https://b7-drive.bintang7.com/oo/r/805821924604162443
LBMAQ,B7 MASUK ANGIN,https://b7-drive.bintang7.com/oo/r/770301230271476472
LBMAV,B7 MASUK ANGIN,https://b7-drive.bintang7.com/oo/r/770301230271476472
LHRBA,HERBASIP,https://b7-drive.bintang7.com/oo/r/916525177959931819#tid=1
LBXTA,BEJO EXTRA,https://b7-drive.bintang7.com/oo/r/809465562047494476
LBJAA,BEJO ANAK,https://b7-drive.bintang7.com/oo/r/765566521033407272
LKXNA,KOMIX HERBAL JERUK NIPIS,https://b7-drive.bintang7.com/oo/r/786813078900618883
LKXJA,KOMIX HERBAL JAHE,https://b7-drive.bintang7.com/oo/r/800887273659871348
LKXOB,KOMIX HERBAL ORIGINAL,https://b7-drive.bintang7.com/oo/r/886279190840659974
LKXOD,KOMIX HERBAL ORIGINAL,https://b7-drive.bintang7.com/oo/r/886279190840659974
LKXLA,KOMIX HERBAL LEMON,https://b7-drive.bintang7.com/oo/r/771895345746589810
LKXPA,KOMIX HERBAL PEPPERMINT,https://b7-drive.bintang7.com/oo/r/817229330418547457
LKXKA,KOMIX KID OERIGINAL TUBE,https://b7-drive.bintang7.com/oo/r/823999090831439890
LEHDA,ENTROSTOP HERBAL DEWASA,https://b7-drive.bintang7.com/oo/r/798240728802177564
LETSB,ENTROSTOP HERBAL ANAK,https://b7-drive.bintang7.com/oo/r/837375924809807457
LKKSB,KOMIX KID STRTAWBERRY,https://b7-drive.bintang7.com/oo/r/833781397519905616
LNKKB,KOMIX KID OBH MADU PE,https://b7-drive.bintang7.com/oo/r/786575992033424587
LCLZC,COLZA SYRUP,https://b7-drive.bintang7.com/oo/r/762775796774385052
LNKOA,KOMIX OBH PE,https://b7-drive.bintang7.com/oo/r/794435451023831802
LNKOD,KOMIX OBH PE,https://b7-drive.bintang7.com/oo/r/794435451023831802
LKNTA,KOMIX JERUK NIPIS,https://b7-drive.bintang7.com/oo/r/792008321109375846
LKCLA,KOMIX JERUK NIPIS,https://b7-drive.bintang7.com/oo/r/792008321109375846
LKJTA,KOMIX JAHE,https://b7-drive.bintang7.com/oo/r/898765655854079268
LKCGA,KOMIX JAHE,https://b7-drive.bintang7.com/oo/r/898765655854079268
LKPTA,KOMIX PEPPERMINT,https://b7-drive.bintang7.com/oo/r/807640037685509952
LKCPA,KOMIX PEPPERMINT,https://b7-drive.bintang7.com/oo/r/807640037685509952
LKMCA,KOMIC COUGH NON PPA,https://b7-drive.bintang7.com/oo/r/796761021757830193
LMHGA,MIXAGRIP HERBAL GREGES,https://b7-drive.bintang7.com/oo/r/865958533613531401
LGRG1,RED-G GINHAWA,https://b7-drive.bintang7.com/oo/r/789471476666383916
LWAPA,WOODS ANTITUSSIVE,https://b7-drive.bintang7.com/oo/r/705940193120662207
LWAPB,WOODS ANTITUSSIVE,https://b7-drive.bintang7.com/oo/r/705940193120662207
POWDER,POWDER,
POSNA,OSK NO.16,https://b7-drive.bintang7.com/oo/r/765239580317235364
POSKD,ZAIKI AFTER 5,https://b7-drive.bintang7.com/oo/r/776436524167249547
POSKC,ZAIKI AFTER 5,https://b7-drive.bintang7.com/oo/r/776436524167249547
PWSNH,WAISAN POWDER,https://b7-drive.bintang7.com/oo/r/705940193120662207